{
    "coarse_lr": 1.6719740876047022e-05,
    "refine_lr": 1.3052967335559466e-06,
    "dropout": 0.2257014904753772,
    "loss_weight_coarse": 0.923244007816426,
    "loss_weight_refine": 1.3082854506053778,
    "num_layers": 2,
    "num_heads": 4,
    "mlp_dim": 512,
    "total_iters": 38
}