{
    "coarse_lr": 0.0001616948763730685,
    "refine_lr": 6.323623623094947e-06,
    "general_lr": 0.0009425022498938115
}